<?xml version="1.0" encoding="UTF-8"?><?xml-stylesheet type='text/xsl' href='_UpgradeReport_Files/UpgradeReport.xslt'?><UpgradeLog>
<Properties><Property Name="Solution" Value="Design Pattern_Command2">
</Property><Property Name="Solution File" Value="C:\Ali\Samples\Design Pattern\downloads\Examples\Source code - Command Pattern Examples\Case 1 Tight Coupled Design\Design Pattern_Command2.sln">
</Property><Property Name="User Options File" Value="C:\Ali\Samples\Design Pattern\downloads\Examples\Source code - Command Pattern Examples\Case 1 Tight Coupled Design\Design Pattern_Command2.suo">
</Property><Property Name="Date" Value="01 December 2013">
</Property><Property Name="Time" Value="11:32">
</Property></Properties><Event ErrorLevel="0" Project="" Source="Design Pattern_Command2.sln" Description="File successfully backed up as C:\Ali\Samples\Design Pattern\downloads\Examples\Source code - Command Pattern Examples\Case 1 Tight Coupled Design\Backup\Design Pattern_Command2.sln">
</Event><Event ErrorLevel="0" Project="" Source="Design Pattern_Command2.suo" Description="File successfully backed up as C:\Ali\Samples\Design Pattern\downloads\Examples\Source code - Command Pattern Examples\Case 1 Tight Coupled Design\Backup\Design Pattern_Command2.suo">
</Event><Event ErrorLevel="0" Project="TightCoupledCode" Source="Design Pattern_Command2\TightCoupledCode.csproj" Description="Project file successfully backed up as C:\Ali\Samples\Design Pattern\downloads\Examples\Source code - Command Pattern Examples\Case 1 Tight Coupled Design\Backup\Design Pattern_Command2\TightCoupledCode.csproj">
</Event><Event ErrorLevel="0" Project="TightCoupledCode" Source="Design Pattern_Command2\Client.cs" Description="File successfully backed up as C:\Ali\Samples\Design Pattern\downloads\Examples\Source code - Command Pattern Examples\Case 1 Tight Coupled Design\Backup\Design Pattern_Command2\Client.cs">
</Event><Event ErrorLevel="0" Project="TightCoupledCode" Source="Design Pattern_Command2\Program.cs" Description="File successfully backed up as C:\Ali\Samples\Design Pattern\downloads\Examples\Source code - Command Pattern Examples\Case 1 Tight Coupled Design\Backup\Design Pattern_Command2\Program.cs">
</Event><Event ErrorLevel="0" Project="TightCoupledCode" Source="Design Pattern_Command2\Properties\AssemblyInfo.cs" Description="File successfully backed up as C:\Ali\Samples\Design Pattern\downloads\Examples\Source code - Command Pattern Examples\Case 1 Tight Coupled Design\Backup\Design Pattern_Command2\Properties\AssemblyInfo.cs">
</Event><Event ErrorLevel="0" Project="TightCoupledCode" Source="Design Pattern_Command2\Server.cs" Description="File successfully backed up as C:\Ali\Samples\Design Pattern\downloads\Examples\Source code - Command Pattern Examples\Case 1 Tight Coupled Design\Backup\Design Pattern_Command2\Server.cs">
</Event><Event ErrorLevel="0" Project="TightCoupledCode" Source="Design Pattern_Command2\TightCoupledCode.csproj" Description="Project converted successfully">
</Event><Event ErrorLevel="3" Project="TightCoupledCode" Source="Design Pattern_Command2\TightCoupledCode.csproj" Description="Converted">
</Event><Event ErrorLevel="0" Project="" Source="Design Pattern_Command2.sln" Description="Solution converted successfully">
</Event><Event ErrorLevel="3" Project="" Source="Design Pattern_Command2.sln" Description="Converted">
</Event><Event ErrorLevel="0" Project="TightCoupledCode" Source="Design Pattern_Command2\TightCoupledCode.csproj" Description="Scan complete: Upgrade not required for project files.">
</Event></UpgradeLog>