<?xml version="1.0" encoding="UTF-8"?><?xml-stylesheet type='text/xsl' href='_UpgradeReport_Files/UpgradeReport.xslt'?><UpgradeLog>
<Properties><Property Name="Solution" Value="Design Pattern_Command3">
</Property><Property Name="Solution File" Value="C:\Ali\Samples\Design Pattern\downloads\Examples\Source code - Command Pattern Examples\Case 3 Menu System\Design Pattern_Command3.sln">
</Property><Property Name="User Options File" Value="C:\Ali\Samples\Design Pattern\downloads\Examples\Source code - Command Pattern Examples\Case 3 Menu System\Design Pattern_Command3.suo">
</Property><Property Name="Date" Value="01 December 2013">
</Property><Property Name="Time" Value="12:03">
</Property></Properties><Event ErrorLevel="0" Project="" Source="Design Pattern_Command3.sln" Description="File successfully backed up as C:\Ali\Samples\Design Pattern\downloads\Examples\Source code - Command Pattern Examples\Case 3 Menu System\Backup\Design Pattern_Command3.sln">
</Event><Event ErrorLevel="0" Project="" Source="Design Pattern_Command3.suo" Description="File successfully backed up as C:\Ali\Samples\Design Pattern\downloads\Examples\Source code - Command Pattern Examples\Case 3 Menu System\Backup\Design Pattern_Command3.suo">
</Event><Event ErrorLevel="0" Project="Design Pattern_Command3" Source="Design Pattern_Command3\Design Pattern_Command3.csproj" Description="Project file successfully backed up as C:\Ali\Samples\Design Pattern\downloads\Examples\Source code - Command Pattern Examples\Case 3 Menu System\Backup\Design Pattern_Command3\Design Pattern_Command3.csproj">
</Event><Event ErrorLevel="0" Project="Design Pattern_Command3" Source="Design Pattern_Command3\Commands.cs" Description="File successfully backed up as C:\Ali\Samples\Design Pattern\downloads\Examples\Source code - Command Pattern Examples\Case 3 Menu System\Backup\Design Pattern_Command3\Commands.cs">
</Event><Event ErrorLevel="0" Project="Design Pattern_Command3" Source="Design Pattern_Command3\Form1.cs" Description="File successfully backed up as C:\Ali\Samples\Design Pattern\downloads\Examples\Source code - Command Pattern Examples\Case 3 Menu System\Backup\Design Pattern_Command3\Form1.cs">
</Event><Event ErrorLevel="0" Project="Design Pattern_Command3" Source="Design Pattern_Command3\Form1.Designer.cs" Description="File successfully backed up as C:\Ali\Samples\Design Pattern\downloads\Examples\Source code - Command Pattern Examples\Case 3 Menu System\Backup\Design Pattern_Command3\Form1.Designer.cs">
</Event><Event ErrorLevel="0" Project="Design Pattern_Command3" Source="Design Pattern_Command3\Program.cs" Description="File successfully backed up as C:\Ali\Samples\Design Pattern\downloads\Examples\Source code - Command Pattern Examples\Case 3 Menu System\Backup\Design Pattern_Command3\Program.cs">
</Event><Event ErrorLevel="0" Project="Design Pattern_Command3" Source="Design Pattern_Command3\Properties\AssemblyInfo.cs" Description="File successfully backed up as C:\Ali\Samples\Design Pattern\downloads\Examples\Source code - Command Pattern Examples\Case 3 Menu System\Backup\Design Pattern_Command3\Properties\AssemblyInfo.cs">
</Event><Event ErrorLevel="0" Project="Design Pattern_Command3" Source="Design Pattern_Command3\Properties\Resources.Designer.cs" Description="File successfully backed up as C:\Ali\Samples\Design Pattern\downloads\Examples\Source code - Command Pattern Examples\Case 3 Menu System\Backup\Design Pattern_Command3\Properties\Resources.Designer.cs">
</Event><Event ErrorLevel="0" Project="Design Pattern_Command3" Source="Design Pattern_Command3\Properties\Settings.Designer.cs" Description="File successfully backed up as C:\Ali\Samples\Design Pattern\downloads\Examples\Source code - Command Pattern Examples\Case 3 Menu System\Backup\Design Pattern_Command3\Properties\Settings.Designer.cs">
</Event><Event ErrorLevel="0" Project="Design Pattern_Command3" Source="Design Pattern_Command3\Server.cs" Description="File successfully backed up as C:\Ali\Samples\Design Pattern\downloads\Examples\Source code - Command Pattern Examples\Case 3 Menu System\Backup\Design Pattern_Command3\Server.cs">
</Event><Event ErrorLevel="0" Project="Design Pattern_Command3" Source="Design Pattern_Command3\CommandsFactory.cs" Description="File successfully backed up as C:\Ali\Samples\Design Pattern\downloads\Examples\Source code - Command Pattern Examples\Case 3 Menu System\Backup\Design Pattern_Command3\CommandsFactory.cs">
</Event><Event ErrorLevel="0" Project="Design Pattern_Command3" Source="Design Pattern_Command3\Properties\Settings.settings" Description="File successfully backed up as C:\Ali\Samples\Design Pattern\downloads\Examples\Source code - Command Pattern Examples\Case 3 Menu System\Backup\Design Pattern_Command3\Properties\Settings.settings">
</Event><Event ErrorLevel="0" Project="Design Pattern_Command3" Source="Design Pattern_Command3\Form1.resx" Description="File successfully backed up as C:\Ali\Samples\Design Pattern\downloads\Examples\Source code - Command Pattern Examples\Case 3 Menu System\Backup\Design Pattern_Command3\Form1.resx">
</Event><Event ErrorLevel="0" Project="Design Pattern_Command3" Source="Design Pattern_Command3\Properties\Resources.resx" Description="File successfully backed up as C:\Ali\Samples\Design Pattern\downloads\Examples\Source code - Command Pattern Examples\Case 3 Menu System\Backup\Design Pattern_Command3\Properties\Resources.resx">
</Event><Event ErrorLevel="0" Project="Design Pattern_Command3" Source="Design Pattern_Command3\Design Pattern_Command3.csproj" Description="Project converted successfully">
</Event><Event ErrorLevel="3" Project="Design Pattern_Command3" Source="Design Pattern_Command3\Design Pattern_Command3.csproj" Description="Converted">
</Event><Event ErrorLevel="0" Project="" Source="Design Pattern_Command3.sln" Description="Solution converted successfully">
</Event><Event ErrorLevel="3" Project="" Source="Design Pattern_Command3.sln" Description="Converted">
</Event><Event ErrorLevel="0" Project="Design Pattern_Command3" Source="Design Pattern_Command3\Design Pattern_Command3.csproj" Description="Scan complete: Upgrade not required for project files.">
</Event></UpgradeLog>