<?xml version="1.0" encoding="UTF-8"?><?xml-stylesheet type='text/xsl' href='_UpgradeReport_Files/UpgradeReport.xslt'?><UpgradeLog>
<Properties><Property Name="Solution" Value="ObserverDesignPattern">
</Property><Property Name="Solution File" Value="C:\Ali\Samples\Design Pattern\downloads\Examples\SourceForObserverDesignPattern\ObserverDesignPattern\ObserverDesignPattern.sln">
</Property><Property Name="User Options File" Value="C:\Ali\Samples\Design Pattern\downloads\Examples\SourceForObserverDesignPattern\ObserverDesignPattern\ObserverDesignPattern.suo">
</Property><Property Name="Date" Value="01 December 2013">
</Property><Property Name="Time" Value="22:46">
</Property></Properties><Event ErrorLevel="0" Project="" Source="ObserverDesignPattern.sln" Description="File successfully backed up as C:\Ali\Samples\Design Pattern\downloads\Examples\SourceForObserverDesignPattern\ObserverDesignPattern\Backup\ObserverDesignPattern.sln">
</Event><Event ErrorLevel="0" Project="" Source="ObserverDesignPattern.suo" Description="File successfully backed up as C:\Ali\Samples\Design Pattern\downloads\Examples\SourceForObserverDesignPattern\ObserverDesignPattern\Backup\ObserverDesignPattern.suo">
</Event><Event ErrorLevel="0" Project="ObserverDesignPattern" Source="ObserverDesignPattern\ObserverDesignPattern.csproj" Description="Project file successfully backed up as C:\Ali\Samples\Design Pattern\downloads\Examples\SourceForObserverDesignPattern\ObserverDesignPattern\Backup\ObserverDesignPattern\ObserverDesignPattern.csproj">
</Event><Event ErrorLevel="0" Project="ObserverDesignPattern" Source="ObserverDesignPattern\Program.cs" Description="File successfully backed up as C:\Ali\Samples\Design Pattern\downloads\Examples\SourceForObserverDesignPattern\ObserverDesignPattern\Backup\ObserverDesignPattern\Program.cs">
</Event><Event ErrorLevel="0" Project="ObserverDesignPattern" Source="ObserverDesignPattern\Properties\AssemblyInfo.cs" Description="File successfully backed up as C:\Ali\Samples\Design Pattern\downloads\Examples\SourceForObserverDesignPattern\ObserverDesignPattern\Backup\ObserverDesignPattern\Properties\AssemblyInfo.cs">
</Event><Event ErrorLevel="0" Project="ObserverDesignPattern" Source="ObserverDesignPattern\ObserverDesignPattern.csproj" Description="Project converted successfully">
</Event><Event ErrorLevel="3" Project="ObserverDesignPattern" Source="ObserverDesignPattern\ObserverDesignPattern.csproj" Description="Converted">
</Event><Event ErrorLevel="0" Project="" Source="ObserverDesignPattern.sln" Description="Solution converted successfully">
</Event><Event ErrorLevel="3" Project="" Source="ObserverDesignPattern.sln" Description="Converted">
</Event><Event ErrorLevel="0" Project="ObserverDesignPattern" Source="ObserverDesignPattern\ObserverDesignPattern.csproj" Description="Scan complete: Upgrade not required for project files.">
</Event></UpgradeLog>