<?xml version="1.0" encoding="UTF-8"?><?xml-stylesheet type='text/xsl' href='_UpgradeReport_Files/UpgradeReport.xslt'?><UpgradeLog>
<Properties><Property Name="Solution" Value="Design Pattern_Command2_1">
</Property><Property Name="Solution File" Value="C:\Ali\Samples\Design Pattern\downloads\Examples\Source code - Command Pattern Examples\Case 5 Undo\Design Pattern_Command2_1.sln">
</Property><Property Name="User Options File" Value="C:\Ali\Samples\Design Pattern\downloads\Examples\Source code - Command Pattern Examples\Case 5 Undo\Design Pattern_Command2_1.suo">
</Property><Property Name="Date" Value="01 December 2013">
</Property><Property Name="Time" Value="12:09">
</Property></Properties><Event ErrorLevel="0" Project="" Source="Design Pattern_Command2_1.sln" Description="File successfully backed up as C:\Ali\Samples\Design Pattern\downloads\Examples\Source code - Command Pattern Examples\Case 5 Undo\Backup\Design Pattern_Command2_1.sln">
</Event><Event ErrorLevel="0" Project="" Source="Design Pattern_Command2_1.suo" Description="File successfully backed up as C:\Ali\Samples\Design Pattern\downloads\Examples\Source code - Command Pattern Examples\Case 5 Undo\Backup\Design Pattern_Command2_1.suo">
</Event><Event ErrorLevel="0" Project="Design Pattern_Command2_1" Source="Design Pattern_Command2_1\Design Pattern_Command2_1.csproj" Description="Project file successfully backed up as C:\Ali\Samples\Design Pattern\downloads\Examples\Source code - Command Pattern Examples\Case 5 Undo\Backup\Design Pattern_Command2_1\Design Pattern_Command2_1.csproj">
</Event><Event ErrorLevel="0" Project="Design Pattern_Command2_1" Source="Design Pattern_Command2_1\CommandProcessor.cs" Description="File successfully backed up as C:\Ali\Samples\Design Pattern\downloads\Examples\Source code - Command Pattern Examples\Case 5 Undo\Backup\Design Pattern_Command2_1\CommandProcessor.cs">
</Event><Event ErrorLevel="0" Project="Design Pattern_Command2_1" Source="Design Pattern_Command2_1\Commands.cs" Description="File successfully backed up as C:\Ali\Samples\Design Pattern\downloads\Examples\Source code - Command Pattern Examples\Case 5 Undo\Backup\Design Pattern_Command2_1\Commands.cs">
</Event><Event ErrorLevel="0" Project="Design Pattern_Command2_1" Source="Design Pattern_Command2_1\Client.cs" Description="File successfully backed up as C:\Ali\Samples\Design Pattern\downloads\Examples\Source code - Command Pattern Examples\Case 5 Undo\Backup\Design Pattern_Command2_1\Client.cs">
</Event><Event ErrorLevel="0" Project="Design Pattern_Command2_1" Source="Design Pattern_Command2_1\Properties\AssemblyInfo.cs" Description="File successfully backed up as C:\Ali\Samples\Design Pattern\downloads\Examples\Source code - Command Pattern Examples\Case 5 Undo\Backup\Design Pattern_Command2_1\Properties\AssemblyInfo.cs">
</Event><Event ErrorLevel="0" Project="Design Pattern_Command2_1" Source="Design Pattern_Command2_1\Server.cs" Description="File successfully backed up as C:\Ali\Samples\Design Pattern\downloads\Examples\Source code - Command Pattern Examples\Case 5 Undo\Backup\Design Pattern_Command2_1\Server.cs">
</Event><Event ErrorLevel="0" Project="Design Pattern_Command2_1" Source="Design Pattern_Command2_1\CommandsFactory.cs" Description="File successfully backed up as C:\Ali\Samples\Design Pattern\downloads\Examples\Source code - Command Pattern Examples\Case 5 Undo\Backup\Design Pattern_Command2_1\CommandsFactory.cs">
</Event><Event ErrorLevel="0" Project="Design Pattern_Command2_1" Source="Design Pattern_Command2_1\Design Pattern_Command2_1.csproj" Description="Project converted successfully">
</Event><Event ErrorLevel="3" Project="Design Pattern_Command2_1" Source="Design Pattern_Command2_1\Design Pattern_Command2_1.csproj" Description="Converted">
</Event><Event ErrorLevel="0" Project="" Source="Design Pattern_Command2_1.sln" Description="Solution converted successfully">
</Event><Event ErrorLevel="3" Project="" Source="Design Pattern_Command2_1.sln" Description="Converted">
</Event><Event ErrorLevel="0" Project="Design Pattern_Command2_1" Source="Design Pattern_Command2_1\Design Pattern_Command2_1.csproj" Description="Scan complete: Upgrade not required for project files.">
</Event></UpgradeLog>